event_type,flags,sourcePID,timestamp,int_101,int_107,int_110,int_115,int_117,int_123,int_132,int_134,int_135,int_138,int_164,int_165,int_169,int_39,int_40,int_45,int_50,int_53,int_55,int_58,int_85,int_87,double_101,double_107,double_110,double_113,double_114,double_115,double_116,double_117,double_118,double_119,double_120,double_123,double_124,double_125,double_126,double_129,double_130,double_132,double_134,double_135,double_138,double_139,double_140,double_164,double_165,double_169,double_39,double_40,double_45,double_50,double_53,double_55,double_58,double_85,double_87
29,0x0,0x258,873363313211833,28,1329,,,,,,,,,,,20960719503256,49164,600,1,248,3,29,873363313211833,511499,4298839515,28.0,1329.0,,,,,,,,,,,,,,,,,,,,,,,,20960719503256.0,49164.0,600.0,1.0,248.0,3.0,29.0,873363313211833.0,511499.0,4298839515.0
29,0x0,0x258,873363320316416,28,1329,,,,,,,,,,,20960719679885,49164,600,1,248,3,29,873363320316416,511499,4298839515,28.0,1329.0,,,,,,,,,,,,,,,,,,,,,,,,20960719679885.0,49164.0,600.0,1.0,248.0,3.0,29.0,873363320316416.0,511499.0,4298839515.0
29,0x0,0x258,873363328884250,28,1329,,,,,,,,,,,20960719886859,49164,600,1,248,3,29,873363328884250,511499,4298839515,28.0,1329.0,,,,,,,,,,,,,,,,,,,,,,,,20960719886859.0,49164.0,600.0,1.0,248.0,3.0,29.0,873363328884250.0,511499.0,4298839515.0
29,0x0,0x258,873363337653875,28,1329,,,,,,,,,,,20960720097798,49164,600,1,248,3,29,873363337653875,511499,4298839515,28.0,1329.0,,,,,,,,,,,,,,,,,,,,,,,,20960720097798.0,49164.0,600.0,1.0,248.0,3.0,29.0,873363337653875.0,511499.0,4298839515.0
29,0x0,0x258,873363346640958,28,1329,,,,,,,,,,,20960720311509,49164,600,1,248,3,29,873363346640958,511499,4298839515,28.0,1329.0,,,,,,,,,,,,,,,,,,,,,,,,20960720311509.0,49164.0,600.0,1.0,248.0,3.0,29.0,873363346640958.0,511499.0,4298839515.0
29,0x0,0x258,873363354945125,28,1329,,,,,,,,,,,20960720512566,49164,600,1,248,3,29,873363354945125,511499,4298839515,28.0,1329.0,,,,,,,,,,,,,,,,,,,,,,,,20960720512566.0,49164.0,600.0,1.0,248.0,3.0,29.0,873363354945125.0,511499.0,4298839515.0
29,0x0,0x258,873363363267083,28,1329,,,,,,,,,,,20960720712150,49164,600,1,248,3,29,873363363267083,511499,4298839515,28.0,1329.0,,,,,,,,,,,,,,,,,,,,,,,,20960720712150.0,49164.0,600.0,1.0,248.0,3.0,29.0,873363363267083.0,511499.0,4298839515.0
29,0x0,0x258,873363371373708,28,1329,,,,,,,,,,,20960720906699,49164,600,1,248,3,29,873363371373708,511499,4298839515,28.0,1329.0,,,,,,,,,,,,,,,,,,,,,,,,20960720906699.0,49164.0,600.0,1.0,248.0,3.0,29.0,873363371373708.0,511499.0,4298839515.0
29,0x0,0x258,873363379279500,28,1329,,,,,,,,,,,20960721096998,49164,600,1,248,3,29,873363379279500,511499,4298839515,28.0,1329.0,,,,,,,,,,,,,,,,,,,,,,,,20960721096998.0,49164.0,600.0,1.0,248.0,3.0,29.0,873363379279500.0,511499.0,4298839515.0
29,0x0,0x258,873363387838416,28,1329,,,,,,,,,,,20960721302686,49164,600,1,248,3,29,873363387838416,511499,4298839515,28.0,1329.0,,,,,,,,,,,,,,,,,,,,,,,,20960721302686.0,49164.0,600.0,1.0,248.0,3.0,29.0,873363387838416.0,511499.0,4298839515.0
29,0x0,0x258,873363396004250,28,1329,,,,,,,,,,,20960721497741,49164,600,1,248,3,29,873363396004250,511499,4298839515,28.0,1329.0,,,,,,,,,,,,,,,,,,,,,,,,20960721497741.0,49164.0,600.0,1.0,248.0,3.0,29.0,873363396004250.0,511499.0,4298839515.0
29,0x0,0x258,873363405266458,28,1329,,,,,,,,,,,20960721721021,49164,600,1,248,3,29,873363405266458,511499,4298839515,28.0,1329.0,,,,,,,,,,,,,,,,,,,,,,,,20960721721021.0,49164.0,600.0,1.0,248.0,3.0,29.0,873363405266458.0,511499.0,4298839515.0
29,0x0,0x258,873363412444208,28,1329,,,,,,,,,,,20960721893275,49164,600,1,248,3,29,873363412444208,511499,4298839515,28.0,1329.0,,,,,,,,,,,,,,,,,,,,,,,,20960721893275.0,49164.0,600.0,1.0,248.0,3.0,29.0,873363412444208.0,511499.0,4298839515.0
29,0x0,0x258,873363420588041,28,1329,,,,,,,,,,,20960722086973,49164,600,1,248,3,29,873363420588041,511499,4298839515,28.0,1329.0,,,,,,,,,,,,,,,,,,,,,,,,20960722086973.0,49164.0,600.0,1.0,248.0,3.0,29.0,873363420588041.0,511499.0,4298839515.0
29,0x0,0x258,873363428256916,28,1329,,,,,,,,,,,20960722272597,49164,600,1,248,3,29,873363428256916,511499,4298839515,28.0,1329.0,,,,,,,,,,,,,,,,,,,,,,,,20960722272597.0,49164.0,600.0,1.0,248.0,3.0,29.0,873363428256916.0,511499.0,4298839515.0
29,0x0,0x258,873363436593500,28,1329,,,,,,,,,,,20960722472909,49164,600,1,248,3,29,873363436593500,511499,4298839515,28.0,1329.0,,,,,,,,,,,,,,,,,,,,,,,,20960722472909.0,49164.0,600.0,1.0,248.0,3.0,29.0,873363436593500.0,511499.0,4298839515.0
29,0x0,0x258,873363445092625,28,1329,,,,,,,,,,,20960722675984,49164,600,1,248,3,29,873363445092625,511499,4298839515,28.0,1329.0,,,,,,,,,,,,,,,,,,,,,,,,20960722675984.0,49164.0,600.0,1.0,248.0,3.0,29.0,873363445092625.0,511499.0,4298839515.0
29,0x0,0x258,873363453266666,28,1329,,,,,,,,,,,20960722872489,49164,600,1,248,3,29,873363453266666,511499,4298839515,28.0,1329.0,,,,,,,,,,,,,,,,,,,,,,,,20960722872489.0,49164.0,600.0,1.0,248.0,3.0,29.0,873363453266666.0,511499.0,4298839515.0
29,0x0,0x258,873363462379791,28,1329,,,,,,,,,,,20960723091734,49164,600,1,248,3,29,873363462379791,511499,4298839515,28.0,1329.0,,,,,,,,,,,,,,,,,,,,,,,,20960723091734.0,49164.0,600.0,1.0,248.0,3.0,29.0,873363462379791.0,511499.0,4298839515.0
29,0x0,0x258,873363469435458,28,1329,,,,,,,,,,,20960723259769,49164,600,1,248,3,29,873363469435458,511499,4298839515,28.0,1329.0,,,,,,,,,,,,,,,,,,,,,,,,20960723259769.0,49164.0,600.0,1.0,248.0,3.0,29.0,873363469435458.0,511499.0,4298839515.0
29,0x0,0x258,873363477417791,28,1329,,,,,,,,,,,20960723451545,49164,600,1,248,3,29,873363477417791,511499,4298839515,28.0,1329.0,,,,,,,,,,,,,,,,,,,,,,,,20960723451545.0,49164.0,600.0,1.0,248.0,3.0,29.0,873363477417791.0,511499.0,4298839515.0
29,0x0,0x258,873363485582958,28,1329,,,,,,,,,,,20960723650805,49164,600,1,248,3,29,873363485582958,511499,4298839515,28.0,1329.0,,,,,,,,,,,,,,,,,,,,,,,,20960723650805.0,49164.0,600.0,1.0,248.0,3.0,29.0,873363485582958.0,511499.0,4298839515.0
29,0x0,0x258,873363493498125,28,1329,,,,,,,,,,,20960723840598,49164,600,1,248,3,29,873363493498125,511499,4298839515,28.0,1329.0,,,,,,,,,,,,,,,,,,,,,,,,20960723840598.0,49164.0,600.0,1.0,248.0,3.0,29.0,873363493498125.0,511499.0,4298839515.0
29,0x0,0x258,873363501538375,28,1329,,,,,,,,,,,20960724033888,49164,600,1,248,3,29,873363501538375,511499,4298839515,28.0,1329.0,,,,,,,,,,,,,,,,,,,,,,,,20960724033888.0,49164.0,600.0,1.0,248.0,3.0,29.0,873363501538375.0,511499.0,4298839515.0
29,0x0,0x258,873363510004625,28,1329,,,,,,,,,,,20960724233870,49164,600,1,248,3,29,873363510004625,511499,4298839515,28.0,1329.0,,,,,,,,,,,,,,,,,,,,,,,,20960724233870.0,49164.0,600.0,1.0,248.0,3.0,29.0,873363510004625.0,511499.0,4298839515.0
29,0x0,0x258,873363518261375,28,1329,,,,,,,,,,,20960724434026,49164,600,1,248,3,29,873363518261375,511499,4298839515,28.0,1329.0,,,,,,,,,,,,,,,,,,,,,,,,20960724434026.0,49164.0,600.0,1.0,248.0,3.0,29.0,873363518261375.0,511499.0,4298839515.0
29,0x0,0x258,873363526075625,28,1329,,,,,,,,,,,20960724621813,49164,600,1,248,3,29,873363526075625,511499,4298839515,28.0,1329.0,,,,,,,,,,,,,,,,,,,,,,,,20960724621813.0,49164.0,600.0,1.0,248.0,3.0,29.0,873363526075625.0,511499.0,4298839515.0
29,0x0,0x258,873363534504250,28,1329,,,,,,,,,,,20960724823222,49164,600,1,248,3,29,873363534504250,511499,4298839515,28.0,1329.0,,,,,,,,,,,,,,,,,,,,,,,,20960724823222.0,49164.0,600.0,1.0,248.0,3.0,29.0,873363534504250.0,511499.0,4298839515.0
29,0x0,0x258,873363545507583,28,1329,,,,,,,,,,,20960725018108,49164,600,1,248,3,29,873363545507583,511499,4298839515,28.0,1329.0,,,,,,,,,,,,,,,,,,,,,,,,20960725018108.0,49164.0,600.0,1.0,248.0,3.0,29.0,873363545507583.0,511499.0,4298839515.0
30,0x0,0x258,873363545507583,28,1329,23,,,1,1,1,1005617152,3,,1,20960725018108,49164,600,1,248,3,30,873363545507583,511499,4298839515,28.0,1329.0,23.0,,,,,,,0.0,0.0,1.0,0.007339,0.007339,-0.001572,,,1.0,1.0,1005617152.0,3.0,0.0,0.0,,1.0,20960725018108.0,49164.0,600.0,1.0,248.0,3.0,30.0,873363545507583.0,511499.0,4298839515.0
29,0x0,0x258,873363553849958,28,1329,,,,,,,,,,,20960725186868,49164,600,1,248,3,29,873363553849958,511499,4298839515,28.0,1329.0,,,,,,,,,,,,,,,,,,,,,,,,20960725186868.0,49164.0,600.0,1.0,248.0,3.0,29.0,873363553849958.0,511499.0,4298839515.0
30,0x0,0x258,873363553849958,28,1329,23,,,1,2,2,1013727232,3,,1,20960725216560,49164,600,1,248,3,30,873363553849958,511499,4298839515,28.0,1329.0,23.0,,,,,,,0.0,0.0,1.0,0.01442,0.007065,-0.001541,,,2.0,2.0,1013727232.0,3.0,0.0,0.0,,1.0,20960725216560.0,49164.0,600.0,1.0,248.0,3.0,30.0,873363553849958.0,511499.0,4298839515.0
29,0x0,0x258,873363558001416,28,1329,,,,,,,,,,,20960725216560,49164,600,1,248,3,29,873363558001416,511499,4298839515,28.0,1329.0,,,,,,,,,,,,,,,,,,,,,,,,20960725216560.0,49164.0,600.0,1.0,248.0,3.0,29.0,873363558001416.0,511499.0,4298839515.0
30,0x0,0x258,873363558001416,28,1329,23,,,1,2,2,1015046144,3,,1,20960725216560,49164,600,1,248,3,30,873363558001416,511499,4298839515,28.0,1329.0,23.0,,,,,,,0.0,0.0,1.0,0.015671,0.001236,-0.000259,,,2.0,2.0,1015046144.0,3.0,0.0,0.0,,1.0,20960725216560.0,49164.0,600.0,1.0,248.0,3.0,30.0,873363558001416.0,511499.0,4298839515.0
29,0x0,0x258,873363562184583,28,1329,,,,,,,,,,,20960725373823,49164,600,1,248,3,29,873363562184583,511499,4298839515,28.0,1329.0,,,,,,,,,,,,,,,,,,,,,,,,20960725373823.0,49164.0,600.0,1.0,248.0,3.0,29.0,873363562184583.0,511499.0,4298839515.0
30,0x0,0x258,873363562184583,28,1329,23,,,1,2,2,1019183104,3,,1,20960725407108,49164,600,1,248,3,30,873363562184583,511499,4298839515,28.0,1329.0,23.0,,,,,,,0.0,0.0,1.0,0.023376,0.00769,-0.001801,,,2.0,2.0,1019183104.0,3.0,0.0,0.0,,1.0,20960725407108.0,49164.0,600.0,1.0,248.0,3.0,30.0,873363562184583.0,511499.0,4298839515.0
29,0x0,0x258,873363566336833,28,1329,,,,,,,,,,,20960725407108,49164,600,1,248,3,29,873363566336833,511499,4298839515,28.0,1329.0,,,,,,,,,,,,,,,,,,,,,,,,20960725407108.0,49164.0,600.0,1.0,248.0,3.0,29.0,873363566336833.0,511499.0,4298839515.0
30,0x0,0x258,873363566336833,28,1329,23,,,1,2,2,1020059648,3,,1,20960725407108,49164,600,1,248,3,30,873363566336833,511499,4298839515,28.0,1329.0,23.0,,,,,,,0.0,0.0,1.0,0.025009,0.001617,-0.000366,,,2.0,2.0,1020059648.0,3.0,0.0,0.0,,1.0,20960725407108.0,49164.0,600.0,1.0,248.0,3.0,30.0,873363566336833.0,511499.0,4298839515.0
29,0x0,0x258,873363570511791,28,1329,,,,,,,,,,,20960725574661,49164,600,1,248,3,29,873363570511791,511499,4298839515,28.0,1329.0,,,,,,,,,,,,,,,,,,,,,,,,20960725574661.0,49164.0,600.0,1.0,248.0,3.0,29.0,873363570511791.0,511499.0,4298839515.0
30,0x0,0x258,873363570511791,28,1329,23,,,1,2,2,1024299008,3,,1,20960725604882,49164,600,1,248,3,30,873363570511791,511499,4298839515,28.0,1329.0,23.0,,,,,,,0.0,0.0,1.0,0.034561,0.009552,-0.001877,,,2.0,2.0,1024299008.0,3.0,0.0,0.0,,1.0,20960725604882.0,49164.0,600.0,1.0,248.0,3.0,30.0,873363570511791.0,511499.0,4298839515.0
29,0x0,0x258,873363574653708,28,1329,,,,,,,,,,,20960725604882,49164,600,1,248,3,29,873363574653708,511499,4298839515,28.0,1329.0,,,,,,,,,,,,,,,,,,,,,,,,20960725604882.0,49164.0,600.0,1.0,248.0,3.0,29.0,873363574653708.0,511499.0,4298839515.0
30,0x0,0x258,873363574653708,28,1329,23,,,1,2,2,1024765952,3,,1,20960725604882,49164,600,1,248,3,30,873363574653708,511499,4298839515,28.0,1329.0,23.0,,,,,,,0.0,0.0,1.0,0.036301,0.001709,-0.000336,,,2.0,2.0,1024765952.0,3.0,0.0,0.0,,1.0,20960725604882.0,49164.0,600.0,1.0,248.0,3.0,30.0,873363574653708.0,511499.0,4298839515.0
29,0x0,0x258,873363578841666,28,1329,,,,,,,,,,,20960725777913,49164,600,1,248,3,29,873363578841666,511499,4298839515,28.0,1329.0,,,,,,,,,,,,,,,,,,,,,,,,20960725777913.0,49164.0,600.0,1.0,248.0,3.0,29.0,873363578841666.0,511499.0,4298839515.0
30,0x0,0x258,873363578841666,28,1329,23,8,8,1,2,2,1027809280,3,8,1,20960725800511,49164,600,1,248,3,30,873363578841666,511499,4298839515,28.0,1329.0,23.0,0.0,0.0,8.0,0.0,8.0,0.0,0.0,0.0,1.0,0.047638,0.011322,-0.001953,,,2.0,2.0,1027809280.0,3.0,0.0,0.0,8.0,1.0,20960725800511.0,49164.0,600.0,1.0,248.0,3.0,30.0,873363578841666.0,511499.0,4298839515.0
29,0x0,0x258,873363582991541,28,1329,,,,,,,,,,,20960725800511,49164,600,1,248,3,29,873363582991541,511499,4298839515,28.0,1329.0,,,,,,,,,,,,,,,,,,,,,,,,20960725800511.0,49164.0,600.0,1.0,248.0,3.0,29.0,873363582991541.0,511499.0,4298839515.0
30,0x0,0x258,873363582991541,28,1329,23,8,8,1,2,2,1028210688,3,8,1,20960725800511,49164,600,1,248,3,30,873363582991541,511499,4298839515,28.0,1329.0,23.0,0.0,0.0,8.0,0.0,8.0,0.0,0.0,0.0,1.0,0.049133,0.00148,-0.000244,,,2.0,2.0,1028210688.0,3.0,0.0,0.0,8.0,1.0,20960725800511.0,49164.0,600.0,1.0,248.0,3.0,30.0,873363582991541.0,511499.0,4298839515.0
29,0x0,0x258,873363587197083,28,1329,,,,,,,,,,,20960725982310,49164,600,1,248,3,29,873363587197083,511499,4298839515,28.0,1329.0,,,,,,,,,,,,,,,,,,,,,,,,20960725982310.0,49164.0,600.0,1.0,248.0,3.0,29.0,873363587197083.0,511499.0,4298839515.0
30,0x0,0x258,873363587197083,28,1329,23,,,1,2,2,1031618560,3,,1,20960725994171,49164,600,1,248,3,30,873363587197083,511499,4298839515,28.0,1329.0,23.0,,,,,,,0.0,0.0,1.0,0.061829,0.012695,-0.002075,,,2.0,2.0,1031618560.0,3.0,0.0,0.0,,1.0,20960725994171.0,49164.0,600.0,1.0,248.0,3.0,30.0,873363587197083.0,511499.0,4298839515.0
29,0x0,0x258,873363602010791,28,1329,,,,,,,,,,,20960725994171,49164,600,1,248,3,29,873363602010791,511499,4298839515,28.0,1329.0,,,,,,,,,,,,,,,,,,,,,,,,20960725994171.0,49164.0,600.0,1.0,248.0,3.0,29.0,873363602010791.0,511499.0,4298839515.0
30,0x0,0x258,873363602010791,28,1329,23,,,1,2,2,1031821312,3,,1,20960725994171,49164,600,1,248,3,30,873363602010791,511499,4298839515,28.0,1329.0,23.0,,,,,,,0.0,0.0,1.0,0.062668,0.000824,-0.000122,,,2.0,2.0,1031821312.0,3.0,0.0,0.0,,1.0,20960725994171.0,49164.0,600.0,1.0,248.0,3.0,30.0,873363602010791.0,511499.0,4298839515.0
29,0x0,0x258,873363603825875,28,1329,,,,,,,,,,,20960726160967,49164,600,1,248,3,29,873363603825875,511499,4298839515,28.0,1329.0,,,,,,,,,,,,,,,,,,,,,,,,20960726160967.0,49164.0,600.0,1.0,248.0,3.0,29.0,873363603825875.0,511499.0,4298839515.0
30,0x0,0x258,873363603825875,28,1329,23,,,1,2,2,1033451520,3,,1,20960726193481,49164,600,1,248,3,30,873363603825875,511499,4298839515,28.0,1329.0,23.0,,,,,,,0.0,0.0,1.0,0.074814,0.012131,-0.001846,,,2.0,2.0,1033451520.0,3.0,0.0,0.0,,1.0,20960726193481.0,49164.0,600.0,1.0,248.0,3.0,30.0,873363603825875.0,511499.0,4298839515.0
29,0x0,0x258,873363607983083,28,1329,,,,,,,,,,,20960726442811,49164,600,1,248,3,29,873363607983083,511499,4298839515,28.0,1329.0,,,,,,,,,,,,,,,,,,,,,,,,20960726442811.0,49164.0,600.0,1.0,248.0,3.0,29.0,873363607983083.0,511499.0,4298839515.0
30,0x0,0x258,873363607983083,28,1329,23,,,1,2,2,1036609536,3,,1,20960726580553,49164,600,1,248,3,30,873363607983083,511499,4298839515,28.0,1329.0,23.0,,,,,,,0.0,0.0,1.0,0.098343,0.023499,-0.003357,,,2.0,2.0,1036609536.0,3.0,0.0,0.0,,1.0,20960726580553.0,49164.0,600.0,1.0,248.0,3.0,30.0,873363607983083.0,511499.0,4298839515.0
29,0x0,0x258,873363613682125,28,1329,,,,,,,,,,,20960726580553,49164,600,1,248,3,29,873363613682125,511499,4298839515,28.0,1329.0,,,,,,,,,,,,,,,,,,,,,,,,20960726580553.0,49164.0,600.0,1.0,248.0,3.0,29.0,873363613682125.0,511499.0,4298839515.0
30,0x0,0x258,873363613682125,28,1329,23,,,1,2,2,1038213120,3,,1,20960726580553,49164,600,1,248,3,30,873363613682125,511499,4298839515,28.0,1329.0,23.0,,,,,,,0.0,0.0,1.0,0.110291,0.011932,-0.001755,,,2.0,2.0,1038213120.0,3.0,0.0,0.0,,1.0,20960726580553.0,49164.0,600.0,1.0,248.0,3.0,30.0,873363613682125.0,511499.0,4298839515.0
29,0x0,0x258,873363620524708,28,1329,,,,,,,,,,,20960726776834,49164,600,1,248,3,29,873363620524708,511499,4298839515,28.0,1329.0,,,,,,,,,,,,,,,,,,,,,,,,20960726776834.0,49164.0,600.0,1.0,248.0,3.0,29.0,873363620524708.0,511499.0,4298839515.0
30,0x0,0x258,873363620524708,28,1329,23,,,1,2,2,1040606208,3,,1,20960726776834,49164,600,1,248,3,30,873363620524708,511499,4298839515,28.0,1329.0,23.0,,,,,,,0.0,0.0,1.0,0.131241,0.020935,-0.003235,,,2.0,2.0,1040606208.0,3.0,0.0,0.0,,1.0,20960726776834.0,49164.0,600.0,1.0,248.0,3.0,30.0,873363620524708.0,511499.0,4298839515.0
29,0x0,0x258,873363628852791,28,1329,,,,,,,,,,,20960726978316,49164,600,1,248,3,29,873363628852791,511499,4298839515,28.0,1329.0,,,,,,,,,,,,,,,,,,,,,,,,20960726978316.0,49164.0,600.0,1.0,248.0,3.0,29.0,873363628852791.0,511499.0,4298839515.0
30,0x0,0x258,873363628852791,28,1329,23,,,1,2,2,1041986560,3,,1,20960726978316,49164,600,1,248,3,30,873363628852791,511499,4298839515,28.0,1329.0,23.0,,,,,,,0.0,0.0,1.0,0.15181,0.020554,-0.003189,,,2.0,2.0,1041986560.0,3.0,0.0,0.0,,1.0,20960726978316.0,49164.0,600.0,1.0,248.0,3.0,30.0,873363628852791.0,511499.0,4298839515.0
29,0x0,0x258,873363637196666,28,1329,,,,,,,,,,,20960727174272,49164,600,1,248,3,29,873363637196666,511499,4298839515,28.0,1329.0,,,,,,,,,,,,,,,,,,,,,,,,20960727174272.0,49164.0,600.0,1.0,248.0,3.0,29.0,873363637196666.0,511499.0,4298839515.0
30,0x0,0x258,873363637196666,28,1329,23,,,1,2,2,1043733504,3,,1,20960727174272,49164,600,1,248,3,30,873363637196666,511499,4298839515,28.0,1329.0,23.0,,,,,,,0.0,0.0,1.0,0.177841,0.026031,-0.004486,,,2.0,2.0,1043733504.0,3.0,0.0,0.0,,1.0,20960727174272.0,49164.0,600.0,1.0,248.0,3.0,30.0,873363637196666.0,511499.0,4298839515.0
29,0x0,0x258,873363645530875,28,1329,,,,,,,,,,,20960727364993,49164,600,1,248,3,29,873363645530875,511499,4298839515,28.0,1329.0,,,,,,,,,,,,,,,,,,,,,,,,20960727364993.0,49164.0,600.0,1.0,248.0,3.0,29.0,873363645530875.0,511499.0,4298839515.0
30,0x0,0x258,873363645530875,28,1329,23,,,1,2,2,1045100544,3,,1,20960727364993,49164,600,1,248,3,30,873363645530875,511499,4298839515,28.0,1329.0,23.0,,,,,,,0.0,0.0,1.0,0.198212,0.02037,-0.003525,,,2.0,2.0,1045100544.0,3.0,0.0,0.0,,1.0,20960727364993.0,49164.0,600.0,1.0,248.0,3.0,30.0,873363645530875.0,511499.0,4298839515.0
29,0x0,0x258,873363649701041,28,1329,,,,,,,,,,,20960727479450,49164,600,1,248,3,29,873363649701041,511499,4298839515,28.0,1329.0,,,,,,,,,,,,,,,,,,,,,,,,20960727479450.0,49164.0,600.0,1.0,248.0,3.0,29.0,873363649701041.0,511499.0,4298839515.0
30,0x0,0x258,873363649701041,28,1329,23,,,1,2,2,1046137856,3,,1,20960727557310,49164,600,1,248,3,30,873363649701041,511499,4298839515,28.0,1329.0,23.0,,,,,,,0.0,0.0,1.0,0.213669,0.015457,-0.002838,,,2.0,2.0,1046137856.0,3.0,0.0,0.0,,1.0,20960727557310.0,49164.0,600.0,1.0,248.0,3.0,30.0,873363649701041.0,511499.0,4298839515.0
29,0x0,0x258,873363653856791,28,1329,,,,,,,,,,,20960727557310,49164,600,1,248,3,29,873363653856791,511499,4298839515,28.0,1329.0,,,,,,,,,,,,,,,,,,,,,,,,20960727557310.0,49164.0,600.0,1.0,248.0,3.0,29.0,873363653856791.0,511499.0,4298839515.0
30,0x0,0x258,873363653856791,28,1329,23,,,1,2,2,1046844416,3,,1,20960727557310,49164,600,1,248,3,30,873363653856791,511499,4298839515,28.0,1329.0,23.0,,,,,,,0.0,0.0,1.0,0.224197,0.010513,-0.001938,,,2.0,2.0,1046844416.0,3.0,0.0,0.0,,1.0,20960727557310.0,49164.0,600.0,1.0,248.0,3.0,30.0,873363653856791.0,511499.0,4298839515.0
29,0x0,0x258,873363659203666,28,1329,,,,,,,,,,,20960727676524,49164,600,1,248,3,29,873363659203666,511499,4298839515,28.0,1329.0,,,,,,,,,,,,,,,,,,,,,,,,20960727676524.0,49164.0,600.0,1.0,248.0,3.0,29.0,873363659203666.0,511499.0,4298839515.0
30,0x0,0x258,873363659203666,28,1329,23,,,1,2,2,1047833600,3,,1,20960727754956,49164,600,1,248,3,30,873363659203666,511499,4298839515,28.0,1329.0,23.0,,,,,,,0.0,0.0,1.0,0.238937,0.014725,-0.002319,,,2.0,2.0,1047833600.0,3.0,0.0,0.0,,1.0,20960727754956.0,49164.0,600.0,1.0,248.0,3.0,30.0,873363659203666.0,511499.0,4298839515.0
29,0x0,0x258,873363662192708,28,1329,,,,,,,,,,,20960727754956,49164,600,1,248,3,29,873363662192708,511499,4298839515,28.0,1329.0,,,,,,,,,,,,,,,,,,,,,,,,20960727754956.0,49164.0,600.0,1.0,248.0,3.0,29.0,873363662192708.0,511499.0,4298839515.0
30,0x0,0x258,873363662192708,28,1329,23,,,1,2,2,1048484864,3,,1,20960727754956,49164,600,1,248,3,30,873363662192708,511499,4298839515,28.0,1329.0,23.0,,,,,,,0.0,0.0,1.0,0.248642,0.009689,-0.001526,,,2.0,2.0,1048484864.0,3.0,0.0,0.0,,1.0,20960727754956.0,49164.0,600.0,1.0,248.0,3.0,30.0,873363662192708.0,511499.0,4298839515.0
29,0x0,0x258,873363667538708,28,1329,,,,,,,,,,,20960727875983,49164,600,1,248,3,29,873363667538708,511499,4298839515,28.0,1329.0,,,,,,,,,,,,,,,,,,,,,,,,20960727875983.0,49164.0,600.0,1.0,248.0,3.0,29.0,873363667538708.0,511499.0,4298839515.0
30,0x0,0x258,873363667538708,28,1329,23,,,1,2,2,1049036800,3,,1,20960727950716,49164,600,1,248,3,30,873363667538708,511499,4298839515,28.0,1329.0,23.0,,,,,,,0.0,0.0,1.0,0.263733,0.015091,-0.003311,,,2.0,2.0,1049036800.0,3.0,0.0,0.0,,1.0,20960727950716.0,49164.0,600.0,1.0,248.0,3.0,30.0,873363667538708.0,511499.0,4298839515.0
29,0x0,0x258,873363670532541,28,1329,,,,,,,,,,,20960727950716,49164,600,1,248,3,29,873363670532541,511499,4298839515,28.0,1329.0,,,,,,,,,,,,,,,,,,,,,,,,20960727950716.0,49164.0,600.0,1.0,248.0,3.0,29.0,873363670532541.0,511499.0,4298839515.0
30,0x0,0x258,873363670532541,28,1329,23,,,1,2,2,1049350144,3,,1,20960727950716,49164,600,1,248,3,30,873363670532541,511499,4298839515,28.0,1329.0,23.0,,,,,,,0.0,0.0,1.0,0.273071,0.009308,-0.002045,,,2.0,2.0,1049350144.0,3.0,0.0,0.0,,1.0,20960727950716.0,49164.0,600.0,1.0,248.0,3.0,30.0,873363670532541.0,511499.0,4298839515.0
29,0x0,0x258,873363675938208,28,1329,,,,,,,,,,,20960728077361,49164,600,1,248,3,29,873363675938208,511499,4298839515,28.0,1329.0,,,,,,,,,,,,,,,,,,,,,,,,20960728077361.0,49164.0,600.0,1.0,248.0,3.0,29.0,873363675938208.0,511499.0,4298839515.0
30,0x0,0x258,873363675938208,28,1329,23,,,1,2,2,1049736192,3,,1,20960728133224,49164,600,1,248,3,30,873363675938208,511499,4298839515,28.0,1329.0,23.0,,,,,,,0.0,0.0,1.0,0.284576,0.011505,-0.002029,,,2.0,2.0,1049736192.0,3.0,0.0,0.0,,1.0,20960728133224.0,49164.0,600.0,1.0,248.0,3.0,30.0,873363675938208.0,511499.0,4298839515.0
29,0x0,0x258,873363678863083,28,1329,,,,,,,,,,,20960728133224,49164,600,1,248,3,29,873363678863083,511499,4298839515,28.0,1329.0,,,,,,,,,,,,,,,,,,,,,,,,20960728133224.0,49164.0,600.0,1.0,248.0,3.0,29.0,873363678863083.0,511499.0,4298839515.0
30,0x0,0x258,873363678863083,28,1329,23,,,1,2,2,1049907200,3,,1,20960728133224,49164,600,1,248,3,30,873363678863083,511499,4298839515,28.0,1329.0,23.0,,,,,,,0.0,0.0,1.0,0.289673,0.005081,-0.000885,,,2.0,2.0,1049907200.0,3.0,0.0,0.0,,1.0,20960728133224.0,49164.0,600.0,1.0,248.0,3.0,30.0,873363678863083.0,511499.0,4298839515.0
29,0x0,0x258,873363684240166,28,1329,,,,,,,,,,,20960728319802,49164,600,1,248,3,29,873363684240166,511499,4298839515,28.0,1329.0,,,,,,,,,,,,,,,,,,,,,,,,20960728319802.0,49164.0,600.0,1.0,248.0,3.0,29.0,873363684240166.0,511499.0,4298839515.0
30,0x0,0x258,873363684240166,28,1329,23,,,1,4,4,1049907200,3,,1,20960728319802,49164,600,1,248,3,30,873363684240166,511499,4298839515,28.0,1329.0,23.0,,,,,,,0.0,0.0,1.0,0.289673,0.016602,-0.00293,2.831497,2.831497,4.0,4.0,1049907200.0,3.0,0.0,0.0,,1.0,20960728319802.0,49164.0,600.0,1.0,248.0,3.0,30.0,873363684240166.0,511499.0,4298839515.0
29,0x0,0x258,873363686789583,28,1329,,,,,,,,,,,20960728481269,49164,600,1,248,3,29,873363686789583,511499,4298839515,28.0,1329.0,,,,,,,,,,,,,,,,,,,,,,,,20960728481269.0,49164.0,600.0,1.0,248.0,3.0,29.0,873363686789583.0,511499.0,4298839515.0
